unix_ts	series	value
1788831645	agg	372325.60000000003
1788831660	agg	372325.60000000003
1788831675	agg	372325.60000000003
1788831690	agg	372325.60000000003
1788831705	agg	0
1788831720	agg	0
1788831735	agg	0
1788831750	agg	0
1788831765	agg	0
1788831780	agg	0
1788831795	agg	0
1788831810	agg	0
1788831825	agg	0
1788831840	agg	0
1788831855	agg	0
1788831870	agg	0
1788831885	agg	0
1788831900	agg	0
1788831915	agg	0
1788831930	agg	0
1788831945	agg	0
1788831960	agg	0
1788831975	agg	0
1788831990	agg	0
1788832005	agg	0
1788832020	agg	0
1788832035	agg	0
1788832050	agg	0
1788832065	agg	372325.60000000003
1788832080	agg	372325.60000000003
1788832095	agg	372325.60000000003
1788832110	agg	372325.60000000003
1788832125	agg	0
1788832140	agg	0
1788832155	agg	0
1788832170	agg	0
1788832185	agg	686579.6710824264
1788832200	agg	686579.6710824264
1788832215	agg	686579.6710824264
1788832230	agg	686579.6710824264
1788832245	agg	430389.3
1788832260	agg	430389.3
1788832275	agg	430389.3
1788832290	agg	430389.3
1788832305	agg	0
1788832320	agg	0
1788832335	agg	0
1788832350	agg	0
1788832365	agg	0
1788832380	agg	0
1788832395	agg	0
1788832410	agg	0
1788832425	agg	0
1788832440	agg	0
1788832455	agg	0
1788832470	agg	0
1788832485	agg	0
1788832500	agg	0
1788832515	agg	0
1788832530	agg	0
1788832545	agg	0
1788832560	agg	0
1788832575	agg	0
1788832590	agg	0
1788832605	agg	0
1788832620	agg	0
1788832635	agg	0
1788832650	agg	0
1788832665	agg	0
1788832680	agg	0
1788832695	agg	0
1788832710	agg	0
1788832725	agg	0
1788832740	agg	0
1788832755	agg	0
1788832770	agg	0
1788832785	agg	0
1788832800	agg	0
1788832815	agg	0
1788832830	agg	0
1788832845	agg	0
1788832860	agg	0
1788832875	agg	0
1788832890	agg	0
1788832905	agg	0
1788832920	agg	0
1788832935	agg	0
1788832950	agg	0
1788832965	agg	0
1788832980	agg	0
1788832995	agg	0
1788833010	agg	0
1788833025	agg	0
1788833040	agg	0
1788833055	agg	0
1788833070	agg	0
1788833085	agg	0
1788833100	agg	0
1788833115	agg	0
1788833130	agg	0
1788833145	agg	0
1788833160	agg	0
1788833175	agg	0
1788833190	agg	0
1788833205	agg	0
1788833220	agg	0
1788833235	agg	0
1788833250	agg	0
1788833265	agg	0
1788833280	agg	0
1788833295	agg	0
1788833310	agg	0
1788833325	agg	0
1788833340	agg	0
1788833355	agg	0
1788833370	agg	0
1788833385	agg	0
1788833400	agg	0
1788833415	agg	0
1788833430	agg	0
1788833445	agg	0
1788833460	agg	0
1788833475	agg	0
1788833490	agg	0
1788833505	agg	0
1788833520	agg	0
1788833535	agg	0
1788833550	agg	0
1788833565	agg	0
1788833580	agg	0
1788833595	agg	0
1788833610	agg	0
1788833625	agg	0
1788833640	agg	0
1788833655	agg	0
1788833670	agg	0
1788833685	agg	0
1788833700	agg	0
1788833715	agg	0
1788833730	agg	0
1788833745	agg	0
1788833760	agg	0
1788833775	agg	270608.665121706
1788833790	agg	420891.2846287581
1788833805	agg	386659.9066263153
1788833820	agg	386659.9066263153
1788833835	agg	77155.59088270328
1788833850	agg	0.6971777648288312
1788833865	agg	0.6048456908226301
1788833880	agg	0.6048456908226301
1788833895	agg	0.20793479164933878
1788833910	agg	0
1788833925	agg	0
1788833940	agg	0
1788833955	agg	0
1788833970	agg	0
1788833985	agg	0
1788834000	agg	0
1788834015	agg	0
1788834030	agg	0
1788834045	agg	0
1788834060	agg	0
1788834075	agg	0
1788834090	agg	0
1788834105	agg	0
1788834120	agg	0
1788834135	agg	0
1788834150	agg	0
1788834165	agg	0
1788834180	agg	0
1788834195	agg	0
1788834210	agg	0
1788834225	agg	0
1788834240	agg	0
1788834255	agg	0
1788834270	agg	0
1788834285	agg	0
1788834300	agg	0
1788834315	agg	0
1788834330	agg	0
1788834345	agg	0
1788834360	agg	0
1788834375	agg	0
1788834390	agg	0
1788834405	agg	0
1788834420	agg	0
1788834435	agg	0
1788834450	agg	0
1788834465	agg	0
1788834480	agg	0
1788834495	agg	0
1788834510	agg	0
1788834525	agg	0
1788834540	agg	0
1788834555	agg	0
1788834570	agg	0
1788834585	agg	0
1788834600	agg	0
1788834615	agg	0
1788834630	agg	0
1788834645	agg	0
1788834660	agg	0
1788834675	agg	0
1788834690	agg	0
1788834705	agg	0
1788834720	agg	0
1788834735	agg	0
1788834750	agg	0
1788834765	agg	0
1788834780	agg	0
1788834795	agg	0
1788834810	agg	0
1788834825	agg	0
1788834840	agg	0
1788834855	agg	0
1788834870	agg	0
1788834885	agg	0
1788834900	agg	0
1788834915	agg	0
1788834930	agg	0
1788834945	agg	0
1788834960	agg	0
1788834975	agg	0
1788834990	agg	0
1788835005	agg	0
1788835020	agg	0
1788835035	agg	0
1788835050	agg	0
1788835065	agg	0
1788835080	agg	0
1788835095	agg	0
1788835110	agg	0
1788835125	agg	0
1788835140	agg	0
1788835155	agg	0
1788835170	agg	0
1788835185	agg	0
1788835200	agg	0
1788835215	agg	0
1788835230	agg	0
1788835245	agg	0
1788835260	agg	0
1788835275	agg	0
1788835290	agg	0
1788835305	agg	0
1788835320	agg	0
1788835335	agg	93925.35
1788835350	agg	269824.2267789888
1788835365	agg	625711.1434456555
1788835380	agg	625711.1434456555
1788835395	agg	1108647.0624245058
1788835410	agg	1469211.3523121835
1788835425	agg	1775098.6969324527
1788835440	agg	1775098.6969324527
1788835455	agg	1770593.19381994
1788835470	agg	1722405.9104866069
1788835485	agg	1692907.1991996712
1788835500	agg	1692907.1991996712
1788835515	agg	1716214.0833333335
1788835530	agg	1743358.7596573392
1788835545	agg	1744114.0747807496
1788835560	agg	1744114.0747807496
1788835575	agg	1732694.141447416
1788835590	agg	1730737.8484567436
1788835605	agg	1733105.25
1788835620	agg	1733105.25
1788835635	agg	1750348.8756828825
1788835650	agg	1741517.1756828828
1788835665	agg	1726548.0256828824
1788835680	agg	1726548.0256828824
1788835695	agg	1694211.2066984423
1788835710	agg	1702253.2566984424
1788835725	agg	1720372.723365109
1788835740	agg	1720372.723365109
1788835755	agg	1734039.1333333333
1788835770	agg	1723817.592448737
1788835785	agg	1708429.706437115
1788835800	agg	1708429.706437115
1788835815	agg	1549693.456437115
1788835830	agg	1302205.5806550446
1788835845	agg	878696.4
1788835860	agg	878696.4
1788835875	agg	454616.7166666667
1788835890	agg	199651.51666666666
1788835905	agg	0
1788835920	agg	0
1788835935	agg	0
1788835950	agg	0
1788835965	agg	0
1788835980	agg	0
1788835995	agg	0
1788836010	agg	0
1788836025	agg	0
1788836040	agg	0
1788836055	agg	0
1788836070	agg	0
1788836085	agg	0
1788836100	agg	0
1788836115	agg	0
1788836130	agg	0
1788836145	agg	0
1788836160	agg	0
1788836175	agg	0
1788836190	agg	0
1788836205	agg	0.05
1788836220	agg	0.05
1788836235	agg	0.05
1788836250	agg	0.05
1788836265	agg	0.049999166680555325
1788836280	agg	0.049999166680555325
1788836295	agg	0.049999166680555325
1788836310	agg	0.049999166680555325
1788836325	agg	0.08333333333333333
1788836340	agg	0.08333333333333333
1788836355	agg	0.08333333333333333
1788836370	agg	0.08333333333333333
1788836385	agg	0.06666666666666667
1788836400	agg	0.06666666666666667
1788836415	agg	0.06666666666666667
1788836430	agg	0.06666666666666667
1788836445	agg	0.06666666666666667
1788836460	agg	0.06666666666666667
1788836475	agg	0.06666666666666667
1788836490	agg	0.06666666666666667
1788836505	agg	0.08333333333333333
1788836520	agg	0.08333333333333333
1788836535	agg	0.08333333333333333
1788836550	agg	0.08333333333333333
1788836565	agg	0.05
1788836580	agg	0.05
1788836595	agg	0.05
1788836610	agg	0.05
1788836625	agg	0.08333333333333333
1788836640	agg	0.08333333333333333
1788836655	agg	0.08333333333333333
1788836670	agg	0.08333333333333333
1788836685	agg	0.08333333333333333
1788836700	agg	0.08333333333333333
1788836715	agg	0.08333333333333333
1788836730	agg	0.08333333333333333
1788836745	agg	0.08333333333333333
1788836760	agg	0.08333333333333333
1788836775	agg	0.08333333333333333
1788836790	agg	0.08333333333333333
1788836805	agg	0.08333333333333333
1788836820	agg	0.08333333333333333
1788836835	agg	0.08333333333333333
1788836850	agg	0.08333333333333333
1788836865	agg	0.08333333333333333
1788836880	agg	0.08333333333333333
1788836895	agg	0.08333333333333333
1788836910	agg	0.08333333333333333
1788836925	agg	0.08333333333333333
1788836940	agg	0.08333333333333333
1788836955	agg	0.08333333333333333
1788836970	agg	0.08333333333333333
1788836985	agg	0
1788837000	agg	0
1788837015	agg	0
1788837030	agg	0
1788837045	agg	0.016666666666666666
1788837060	agg	0.016666666666666666
1788837075	agg	0.016666666666666666
1788837090	agg	0.016666666666666666
1788837105	agg	0
1788837120	agg	0
1788837135	agg	0
1788837150	agg	0
1788837165	agg	0.049999166680555325
1788837180	agg	0.049999166680555325
1788837195	agg	0.049999166680555325
1788837210	agg	0.049999166680555325
1788837225	agg	0.05
1788837240	agg	0.05
1788837255	agg	0.05
1788837270	agg	0.05
1788837285	agg	0.05
1788837300	agg	0.05
1788837315	agg	0.05
1788837330	agg	0.05
1788837345	agg	0
1788837360	agg	0
1788837375	agg	0
1788837390	agg	0
1788837405	agg	0.05
1788837420	agg	0.05
1788837435	agg	0.05
1788837450	agg	0.05
1788837465	agg	0.06666666666666667
1788837480	agg	0.06666666666666667
1788837495	agg	0.06666666666666667
1788837510	agg	0.06666666666666667
1788837525	agg	0.06666666666666667
1788837540	agg	0.06666666666666667
1788837555	agg	0.06666666666666667
1788837570	agg	0.06666666666666667
1788837585	agg	0.06666666666666667
1788837600	agg	0.06666666666666667
1788837615	agg	0.06666666666666667
1788837630	agg	0.06666666666666667
1788837645	agg	0.08333333333333333
1788837660	agg	0.08333333333333333
1788837675	agg	0.08333333333333333
1788837690	agg	0.08333333333333333
1788837705	agg	0.06666666666666667
1788837720	agg	0.06666666666666667
1788837735	agg	0.06666666666666667
1788837750	agg	0.06666666666666667
1788837765	agg	0.06666666666666667
1788837780	agg	0.06666666666666667
1788837795	agg	0.06666666666666667
1788837810	agg	0.06666666666666667
1788837825	agg	0.08333333333333333
1788837840	agg	0.08333333333333333
1788837855	agg	0.08333333333333333
1788837870	agg	0.08333333333333333
1788837885	agg	0.08333333333333333
1788837900	agg	0.08333333333333333
1788837915	agg	0.08333333333333333
1788837930	agg	0.08333333333333333
1788837945	agg	0.08333333333333333
1788837960	agg	0.08333333333333333
1788837975	agg	0.08333333333333333
1788837990	agg	0.08333333333333333
1788838005	agg	0.08333333333333333
1788838020	agg	0.08333333333333333
1788838035	agg	0.08333333333333333
1788838050	agg	0.08333333333333333
1788838065	agg	0.08333333333333333
1788838080	agg	0.08333333333333333
1788838095	agg	0.08333333333333333
1788838110	agg	0.08333333333333333
1788838125	agg	0.06666555557407376
1788838140	agg	0.06666555557407376
1788838155	agg	0.06666555557407376
1788838170	agg	0.06666555557407376
1788838185	agg	0
1788838200	agg	0
1788838215	agg	0
1788838230	agg	0
1788838245	agg	308.95
1788838260	agg	308.95
1788838275	agg	1898.5166666666667
1788838290	agg	3164.383333333333
1788838305	agg	5730.866666666667
1788838320	agg	5730.866666666667
1788838335	agg	6448.85
1788838350	agg	6729.1
1788838365	agg	6035.083333333333
1788838380	agg	6035.083333333333
1788838395	agg	6097.1833333333325
1788838410	agg	6320.799999999999
1788838425	agg	6816.65
1788838440	agg	6816.65
1788838455	agg	7348.566666666667
1788838470	agg	7605.833333333333
1788838485	agg	8413.316666666666
1788838500	agg	8413.316666666666
1788838515	agg	8979.542203463276
1788838530	agg	9043.242203463276
1788838545	agg	9095.875536796608
1788838560	agg	9095.875536796608
1788838575	agg	8992.033333333333
1788838590	agg	9116.25
1788838605	agg	9015.233333333334
1788838620	agg	9015.233333333334
1788838635	agg	8866.066666666666
1788838650	agg	9402.516666666666
1788838665	agg	9880.866666666667
1788838680	agg	9880.866666666667
1788838695	agg	11439.150000000001
1788838710	agg	12094.366666666667
1788838725	agg	13299.3
1788838740	agg	13299.3
1788838755	agg	13993.133333333333
1788838770	agg	14442.969059682338
1788838785	agg	15417.435726349006
1788838800	agg	15417.435726349006
1788838815	agg	15410.81905968234
1788838830	agg	15255.483333333334
1788838845	agg	14164.116666666669
1788838860	agg	14164.116666666669
1788838875	agg	14013.866666666669
1788838890	agg	14233.316666666666
1788838905	agg	14102.783333333333
1788838920	agg	14102.783333333333
1788838935	agg	13454.2
1788838950	agg	13047.416666666668
1788838965	agg	11972.570043832602
1788838980	agg	11972.570043832602
1788838995	agg	12258.68671049927
1788839010	agg	12673.73671049927
1788839025	agg	14873.816666666666
1788839040	agg	14873.816666666666
1788839055	agg	15997.133333333333
1788839070	agg	16542.766666666666
1788839085	agg	16475.61666666667
1788839100	agg	16475.61666666667
1788839115	agg	16200.6
1788839130	agg	15236.966666666667
1788839145	agg	14700.983333333334
1788839160	agg	14700.983333333334
1788839175	agg	11932.766666666666
1788839190	agg	9979.916666666666
1788839205	agg	5421.866666666667
1788839220	agg	5421.866666666667
1788839235	agg	21330.29079135212
1788839250	agg	51062.14079135212
1788839265	agg	163759.44856511147
1788839280	agg	163759.44856511147
1788839295	agg	314835.04110709263
1788839310	agg	417245.7411070927
1788839325	agg	545310.0499999999
1788839340	agg	545310.0499999999
1788839355	agg	812068.6499999999
1788839370	agg	1059316.0166666666
1788839385	agg	1144108.393495664
1788839400	agg	1144108.393495664
1788839415	agg	707338.1268289973
1788839430	agg	326390.26016233064
1788839445	agg	0
1788839460	agg	0
1788839475	agg	0
1788839490	agg	0
1788839505	agg	14616.85
1788839520	agg	14616.85
1788839535	agg	57886.049999999996
1788839550	agg	95517.04999999999
1788839565	agg	120889.51773489318
1788839580	agg	120889.51773489318
1788839595	agg	120889.51773489318
1788839610	agg	120888.89056201272
1788839625	agg	120408.40616045288
1788839640	agg	120408.40616045288
1788839655	agg	118648.07282711955
1788839670	agg	118648.70000000001
1788839685	agg	221611.85880013113
1788839700	agg	221611.85880013113
1788839715	agg	619292.9921334644
1788839730	agg	962606.0921334644
1788839745	agg	1200657.2833333332
1788839760	agg	1200657.2833333332
1788839775	agg	761467.2833333333
1788839790	agg	380523.18333333335
1788839805	agg	0
1788839820	agg	0
1788839835	agg	0
1788839850	agg	0
1788839865	agg	0
1788839880	agg	0
1788839895	agg	0
1788839910	agg	0
1788839925	agg	0
1788839940	agg	0
1788839955	agg	0
1788839970	agg	0
1788839985	agg	0
1788840000	agg	0
1788840015	agg	0
1788840030	agg	0
1788840045	agg	0
1788840060	agg	0
1788840075	agg	0
1788840090	agg	0
1788840105	agg	0
1788840120	agg	0
1788840135	agg	0
1788840150	agg	0
1788840165	agg	0
1788840180	agg	0
1788840195	agg	0
1788840210	agg	0
1788840225	agg	0
1788840240	agg	0
1788840255	agg	0
1788840270	agg	0
1788840285	agg	0
1788840300	agg	0
1788840315	agg	0
1788840330	agg	0
1788840345	agg	0
1788840360	agg	0
1788840375	agg	0
1788840390	agg	0
1788840405	agg	0
1788840420	agg	0
1788840435	agg	0
1788840450	agg	0
1788840465	agg	0
1788840480	agg	0
1788840495	agg	0
1788840510	agg	0
1788840525	agg	0
1788840540	agg	0
1788840555	agg	0
1788840570	agg	0
1788840585	agg	0
1788840600	agg	0
1788840615	agg	0
1788840630	agg	0
1788840645	agg	0
1788840660	agg	0
1788840675	agg	0
1788840690	agg	0
1788840705	agg	0
1788840720	agg	0
1788840735	agg	0
1788840750	agg	0
1788840765	agg	0
1788840780	agg	0
1788840795	agg	0
1788840810	agg	0
1788840825	agg	0
1788840840	agg	0
1788840855	agg	0
1788840870	agg	0
1788840885	agg	0
1788840900	agg	0
1788840915	agg	0
1788840930	agg	0
1788840945	agg	0
1788840960	agg	0
1788840975	agg	0
1788840990	agg	0
1788841005	agg	0
1788841020	agg	0
1788841035	agg	0
1788841050	agg	0
1788841065	agg	0
1788841080	agg	0
1788841095	agg	0
1788841110	agg	0
1788841125	agg	0
1788841140	agg	0
1788841155	agg	0
