corruption/test_comp_corrupt/bti_partitions_footer_flip/da-2-bti-Data.db	900	de6511d8a9b3c22f
corruption/test_comp_corrupt/bti_rows_truncation/da-2-bti-Data.db	900	25c9c4e4610c991e
corruption/test_comp_corrupt/compression_info_bad_offset/nb-1-big-Data.db	ERROR	e3b0c44298fc1c14
corruption/test_comp_corrupt/data_db_bit_flip/nb-1-big-Data.db	ERROR	e3b0c44298fc1c14
corruption/test_comp_corrupt/data_db_truncation/nb-1-big-Data.db	ERROR	e3b0c44298fc1c14
corruption/test_comp_corrupt/digest_crc32_mismatch/nb-1-big-Data.db	600	d0602ab3567244ef
corruption/test_comp_corrupt/index_db_bit_flip_big/nb-1-big-Data.db	600	8a8c55d4aba654d8
corruption/test_comp_corrupt/statistics_db_header_damage/nb-1-big-Data.db	600	b8e39058ccf88bef
corruption/test_comp_corrupt/summary_db_truncation/nb-1-big-Data.db	600	37fa9664c1d377bb
corruption/test_comp_corrupt/toc_missing_component/nb-1-big-Data.db	600	4dc37eaee85a34bf
corruption/test_comp_corrupt/uncompressed_data_bit_flip/nb-1-big-Data.db	ERROR	e3b0c44298fc1c14
sstables/system/compaction_history-b4dbb7b4dc493fb5b3bfce6e434832ca/nb-1-big-Data.db	47	584058dde9f61421
sstables/system/local-7ad54392bcdd35a684174e047860b377/nb-8-big-Data.db	1	0dfc8155a9faa323
sstables/system/local-7ad54392bcdd35a684174e047860b377/nb-9-big-Data.db	1	aac4577e8f415b74
sstables/system/prepared_statements-18a9c2576a0c3841ba718cd529849fef/nb-1-big-Data.db	33	831a3027d55de5e9
sstables/system/sstable_activity-5a1ff267ace03f128563cfae6103c65e/nb-1-big-Data.db	ERROR	e3b0c44298fc1c14
sstables/system/sstable_activity_v2-62efe31f3be8310c8d298963439c1288/nb-1-big-Data.db	ERROR	e3b0c44298fc1c14
sstables/system_auth/roles-5bc52802de2535edaeab188eecebb090/nb-1-big-Data.db	1	7524886c1155be95
sstables/system_schema/aggregates-924c55872e3a345bb10c12f37c1ba895/nb-1-big-Data.db	ERROR	e3b0c44298fc1c14
sstables/system_schema/column_masks-738cc5ed01683268b9d1853d4bc278af/nb-45-big-Data.db	ERROR	e3b0c44298fc1c14
sstables/system_schema/columns-24101c25a2ae3af787c1b40ee1aca33f/nb-45-big-Data.db	640	dd0d3778f76222fd
sstables/system_schema/columns-24101c25a2ae3af787c1b40ee1aca33f/nb-46-big-Data.db	30	b036765268314cd6
sstables/system_schema/columns-24101c25a2ae3af787c1b40ee1aca33f/nb-47-big-Data.db	11	b8c125ecfe90c557
sstables/system_schema/dropped_columns-5e7583b5f3f43af19a39b7e1d6f5f11f/nb-1-big-Data.db	1	c70f399af4168b7f
sstables/system_schema/functions-96489b7980be3e14a70166a0b9159450/nb-1-big-Data.db	ERROR	e3b0c44298fc1c14
sstables/system_schema/indexes-0feb57ac311f382fba6d9024d305702f/nb-1-big-Data.db	1	0f0b1ec6f8d3eaf7
sstables/system_schema/keyspaces-abac5682dea631c5b535b3d6cffd0fb6/nb-53-big-Data.db	9	2253dbe1c2315337
sstables/system_schema/keyspaces-abac5682dea631c5b535b3d6cffd0fb6/nb-54-big-Data.db	1	06f157aae69e377b
sstables/system_schema/keyspaces-abac5682dea631c5b535b3d6cffd0fb6/nb-55-big-Data.db	1	06f157aae69e377b
sstables/system_schema/tables-afddfb9dbc1e30688056eed6c302ba09/nb-45-big-Data.db	79	d0286be322103948
sstables/system_schema/tables-afddfb9dbc1e30688056eed6c302ba09/nb-46-big-Data.db	1	b0b5b813700a17d2
sstables/system_schema/tables-afddfb9dbc1e30688056eed6c302ba09/nb-47-big-Data.db	1	2d9cfbc71b8e81e4
sstables/system_schema/triggers-4df70b666b05325195a132b54005fd48/nb-1-big-Data.db	ERROR	e3b0c44298fc1c14
sstables/system_schema/types-5a8b1ca866023f77a0459273d308917a/nb-1-big-Data.db	ERROR	e3b0c44298fc1c14
sstables/system_schema/types-5a8b1ca866023f77a0459273d308917a/nb-2-big-Data.db	1	6652029ed43603f2
sstables/system_schema/types-5a8b1ca866023f77a0459273d308917a/nb-3-big-Data.db	1	d01bbf07233df5e5
sstables/system_schema/views-9786ac1cdd583201a7cdad556410c985/nb-1-big-Data.db	ERROR	e3b0c44298fc1c14
sstables/test_basic/composite_key_table-6ab56990a25111f0a3fef1a551383fb9/nb-1-big-Data.db	100	1ea849943d9235f4
sstables/test_basic/compression_test_table-6ad6ad30a25111f0a3fef1a551383fb9/nb-1-big-Data.db	100	784a9686bee07f00
sstables/test_basic/counters-6b12cbd0a25111f0a3fef1a551383fb9/nb-1-big-Data.db	5	c6afaf3bf58e676b
sstables/test_basic/multi_partition_table-6ac52100a25111f0a3fef1a551383fb9/nb-1-big-Data.db	100	d31b765a96688019
sstables/test_basic/simple_table-6aa08200a25111f0a3fef1a551383fb9/nb-1-big-Data.db	1000	44c5c85470cf9069
sstables/test_basic/static_columns_table-6b0425d0a25111f0a3fef1a551383fb9/nb-1-big-Data.db	100	e22893bd196644f5
sstables/test_basic/ttl_test_table-6af66a30a25111f0a3fef1a551383fb9/nb-1-big-Data.db	100	d29b4633adad6380
sstables/test_basic/uncompressed_table-6aedb7a0a25111f0a3fef1a551383fb9/nb-1-big-Data.db	100	c0b8e500edb5ba00
sstables/test_big/wide_partition-ffe2ee50733111f19e8f6d08b8e7a294/nb-2-big-Data.db	890	212ee9e1789fffc3
sstables/test_collections/collection_clustering_table-6bf78680a25111f0a3fef1a551383fb9/nb-1-big-Data.db	50	3074b09de3f64ba5
sstables/test_collections/collection_table-6b8c8fb0a25111f0a3fef1a551383fb9/nb-1-big-Data.db	500	48afff833881eceb
sstables/test_collections/collections_with_udts-6bc2bae0a25111f0a3fef1a551383fb9/nb-1-big-Data.db	50	07675c793122515c
sstables/test_collections/empty_collections_table-6be780f0a25111f0a3fef1a551383fb9/nb-1-big-Data.db	50	5504337180238ab2
sstables/test_collections/frozen_collections_table-6bd1fd20a25111f0a3fef1a551383fb9/nb-1-big-Data.db	50	5b234d799fbcf2b1
sstables/test_collections/large_collections_table-6ba9b4a0a25111f0a3fef1a551383fb9/nb-1-big-Data.db	50	79adce48922979bd
sstables/test_collections/nested_collections_table-6b99af10a25111f0a3fef1a551383fb9/nb-1-big-Data.db	50	5e278d1b97502d0c
sstables/test_collections/typed_collections_table-6bdf91b0a25111f0a3fef1a551383fb9/nb-1-big-Data.db	50	e3ed113f7fb2b4f0
sstables/test_comp/deflate_table-2592698071a911f19b3225f9984c6a77/nb-1-big-Data.db	600	b0813c6914ac0449
sstables/test_comp/incompressible_uncompressed_chunk-25b8dd4071a911f19b3225f9984c6a77/nb-1-big-Data.db	64	08d0db145302f726
sstables/test_comp/lz4_table-25801a0071a911f19b3225f9984c6a77/nb-1-big-Data.db	600	029906482643b3c6
sstables/test_comp/short_final_chunk-25aef23071a911f19b3225f9984c6a77/nb-1-big-Data.db	777	f2eec0306bcc8ee0
sstables/test_comp/snappy_table-2588f3a071a911f19b3225f9984c6a77/nb-1-big-Data.db	600	3e899a2b18f8ccdc
sstables/test_comp/uncompressed_table-25a5ca7071a911f19b3225f9984c6a77/nb-1-big-Data.db	600	447f9e18787e4b2e
sstables/test_comp/zstd_table-259ca2b071a911f19b3225f9984c6a77/nb-1-big-Data.db	600	32ce625f0ee07064
sstables/test_compaction_tombstone_ttl/rt_cross_gen-2bd3757075a811f1a11c2f8df72ff67b/nb-3-big-Data.db	2	30208656486260e4
sstables/test_compaction_tombstone_ttl/shadow_row_delete-2b929be075a811f1a11c2f8df72ff67b/nb-3-big-Data.db	3	789aa8432f24d03b
sstables/test_compaction_tombstone_ttl/ttl_expired_live-2bb2a70075a811f1a11c2f8df72ff67b/nb-3-big-Data.db	2	2fb487483b14a2ad
sstables/test_compactionparity/live_clustering-e094a78073a611f1b17b3da6654e7580/nb-3-big-Data.db	6	90dc5ec03f30008a
sstables/test_compactionparity/live_no_clustering-e08194b073a611f1b17b3da6654e7580/nb-3-big-Data.db	4	8366bc5da84b6d75
sstables/test_compactionparityudt/udt_collections-3de4104073fe11f1ba13ff2af5955bf3/nb-3-big-Data.db	3	d9b40a898061266e
sstables/test_compactionparityudt/udt_frozen_person-3dcdc92073fe11f1ba13ff2af5955bf3/nb-3-big-Data.db	5	70179daa592ccfca
sstables/test_compactionparityudt/udt_nested-3dda9a6073fe11f1ba13ff2af5955bf3/nb-3-big-Data.db	3	458443d8217536a8
sstables/test_compactionparityudt/udt_null_inner-e007a81074ca11f1b44a2772b92aa385/nb-3-big-Data.db	3	e29c84f2dfa36a01
sstables/test_da/collection_table-de2c155064e711f19ad401a8c8227b11/da-2-bti-Data.db	2	016bc5ddb233915b
sstables/test_da/simple_table-de1be8b064e711f19ad401a8c8227b11/da-2-bti-Data.db	3	2c39c4324fcb87a8
sstables/test_da/ttl_table-de3b579064e711f19ad401a8c8227b11/da-2-bti-Data.db	2	bf2a2758d6579a2d
sstables/test_da/wide_table-9099a7c06c1811f19864870fb8444786/da-2-bti-Data.db	900	9f77a8b27e323822
sstables/test_deltas/adjacent_ranges-29bdd5c0701f11f1b5d1d98b0640ec05/nb-1-big-Data.db	60	ab360dd181922381
sstables/test_deltas/cell_tombstones-29733830701f11f1b5d1d98b0640ec05/nb-1-big-Data.db	15	4fdbdacfc45a8ecf
sstables/test_deltas/collection_ops-29ad0ce0701f11f1b5d1d98b0640ec05/nb-1-big-Data.db	6	6fb86f699e259562
sstables/test_deltas/partial_updates-29b5e680701f11f1b5d1d98b0640ec05/nb-1-big-Data.db	9	bc4043f685c30816
sstables/test_deltas/partition_tombstones-299258f0701f11f1b5d1d98b0640ec05/nb-1-big-Data.db	9	24c506eec6302474
sstables/test_deltas/range_tombstones-298894f0701f11f1b5d1d98b0640ec05/nb-1-big-Data.db	30	fe749317c0f48c12
sstables/test_deltas/row_tombstones-297f1f10701f11f1b5d1d98b0640ec05/nb-1-big-Data.db	12	f5195b2925143f59
sstables/test_deltas/static_with_rows-29a4cf80701f11f1b5d1d98b0640ec05/nb-1-big-Data.db	12	30733896b2e98763
sstables/test_deltas/ttl_cells-299c9220701f11f1b5d1d98b0640ec05/nb-1-big-Data.db	18	bb380c0436b09961
sstables/test_oa/collection_table-4b892c6064e711f1bd3ac7dbf655c673/oa-2-big-Data.db	3	bf4eb45ec6d15e90
sstables/test_oa/simple_table-4b7cd05064e711f1bd3ac7dbf655c673/oa-2-big-Data.db	5	3af225e8bf8386e5
sstables/test_oa/static_table-4bba006064e711f1bd3ac7dbf655c673/oa-2-big-Data.db	4	0f07de128d909c08
sstables/test_oa/tombstone_table-4bc746d064e711f1bd3ac7dbf655c673/oa-2-big-Data.db	3	5f1413972eb8a186
sstables/test_oa/ttl_table-4badf27064e711f1bd3ac7dbf655c673/oa-2-big-Data.db	3	0934fbbb06dca698
sstables/test_oa/udt_table-4b9f738064e711f1bd3ac7dbf655c673/oa-2-big-Data.db	2	8918bd34edd2201c
sstables/test_signed_coll/frozen_int_collections-c9820c30748d11f1a94ae34493d77740/nb-1-big-Data.db	1	b2aa10155839dd91
sstables/test_signed_coll/signed_int_collections-c9762550748d11f1a94ae34493d77740/nb-1-big-Data.db	1	32258dc0928a956b
sstables/test_signed_coll/signed_special_collections-c996a5a0748d11f1a94ae34493d77740/nb-1-big-Data.db	1	414e3439ace6a42d
sstables/test_signed_coll/signed_width_collections-c98bd030748d11f1a94ae34493d77740/nb-1-big-Data.db	1	9162bdd7f656b352
sstables/test_timeseries/app_metrics-6c87b890a25111f0a3fef1a551383fb9/nb-1-big-Data.db	200	db0d955510d53419
sstables/test_timeseries/event_store-6cbbc0e0a25111f0a3fef1a551383fb9/nb-1-big-Data.db	200	d38c4097ed98298e
sstables/test_timeseries/log_entries-6cad6900a25111f0a3fef1a551383fb9/nb-1-big-Data.db	200	d852168ab00d3b2e
sstables/test_timeseries/sensor_data-6c698230a25111f0a3fef1a551383fb9/nb-1-big-Data.db	2000	df50fa26961a2971
sstables/test_timeseries/stock_prices-6c9fad60a25111f0a3fef1a551383fb9/nb-1-big-Data.db	200	b2950ab9dc234b12
sstables/test_timeseries/tick_data-6ce716a0a25111f0a3fef1a551383fb9/nb-1-big-Data.db	200	af747b4ec1f76b37
sstables/test_timeseries/time_bucketed_counters-6ccefac0a25111f0a3fef1a551383fb9/nb-1-big-Data.db	41	a4f045b4c49693f7
sstables/test_timeseries/user_activity-6c935150a25111f0a3fef1a551383fb9/nb-1-big-Data.db	200	307bcb16087f04f7
sstables/test_timeseries/user_sessions-6cda1e50a25111f0a3fef1a551383fb9/nb-1-big-Data.db	200	d22195895ff8deed
sstables/test_tomb/dropped_regular_col-4cc79a50702011f1b8f419c9a388d558/nb-1-big-Data.db	3	babf7e71d54de832
sstables/test_tomb/dropped_regular_col-4cc79a50702011f1b8f419c9a388d558/nb-2-big-Data.db	3	772fdd28da6e1090
sstables/test_tomb/dropped_static_col-4cd18560702011f1b8f419c9a388d558/nb-1-big-Data.db	3	04a9ffb97c7ccf7f
sstables/test_tomb/dropped_static_col-4cd18560702011f1b8f419c9a388d558/nb-2-big-Data.db	1	b999f4e70971cbe0
sstables/test_tomb/gc_before_boundary-4c92ceb0702011f1b8f419c9a388d558/nb-1-big-Data.db	3	f95e50e0869fd2b2
sstables/test_tomb/resurrection_gc0-4cb523c0702011f1b8f419c9a388d558/nb-1-big-Data.db	8	59bd128b295e9f18
sstables/test_tomb/resurrection_gc0-4cb523c0702011f1b8f419c9a388d558/nb-2-big-Data.db	1	bbedb505c9d8dd3e
sstables/test_tomb/resurrection_gc_positive-4cbfab10702011f1b8f419c9a388d558/nb-1-big-Data.db	8	6272f9f4678d1e5f
sstables/test_tomb/resurrection_gc_positive-4cbfab10702011f1b8f419c9a388d558/nb-2-big-Data.db	1	f773404f0af36914
sstables/test_tomb/skipped_partition_delete-4caaea90702011f1b8f419c9a388d558/nb-1-big-Data.db	10	7708406085474dc8
sstables/test_tomb/skipped_partition_delete-4caaea90702011f1b8f419c9a388d558/nb-2-big-Data.db	ERROR	e3b0c44298fc1c14
sstables/test_tomb/static_with_tombstones-4cdb9780702011f1b8f419c9a388d558/nb-1-big-Data.db	4	0ff6abeed93d24e9
sstables/test_tomb/tombstone_histogram-4ca1e9e0702011f1b8f419c9a388d558/nb-1-big-Data.db	12	b5c894110165e926
sstables/test_tomb/wide_range_tombstone-4ce3add0702011f1b8f419c9a388d558/nb-1-big-Data.db	2987	6088d0b63b2db5fa
sstables/test_types/ct_compacted_final_value-501f4ad0706211f197e20b846582ecc8/nb-3-big-Data.db	2	bd02d3b890948cee
sstables/test_types/ct_deleted_counter_shadowing-50114110706211f197e20b846582ecc8/nb-1-big-Data.db	2	acf0f4fc78da2a79
sstables/test_types/ct_deleted_counter_shadowing-50114110706211f197e20b846582ecc8/nb-2-big-Data.db	ERROR	e3b0c44298fc1c14
sstables/test_types/ct_multi_sstable_merge-5007f240706211f197e20b846582ecc8/nb-1-big-Data.db	2	8b7b44b2c0ca6e4c
sstables/test_types/ct_multi_sstable_merge-5007f240706211f197e20b846582ecc8/nb-2-big-Data.db	2	9e6107d9b7601020
sstables/test_types/ct_single_sstable-4fff8dd0706211f197e20b846582ecc8/nb-1-big-Data.db	2	16a9f212730874c8
sstables/test_types/cx_frozen_udt_value-4fd68200706211f197e20b846582ecc8/nb-1-big-Data.db	2	76025b6280fdf18e
sstables/test_types/cx_legacy_dropped_tuple_udt-4ff5a2c0706211f197e20b846582ecc8/nb-1-big-Data.db	3	6049542d2b6e8441
sstables/test_types/cx_legacy_dropped_tuple_udt-4ff5a2c0706211f197e20b846582ecc8/nb-2-big-Data.db	3	2ca2422444f9c940
sstables/test_types/cx_multicell_udt_collection_paths-4feb6990706211f197e20b846582ecc8/nb-1-big-Data.db	1	17250ef11019b9b7
sstables/test_types/cx_nested_frozen_collections-4fe21ac0706211f197e20b846582ecc8/nb-1-big-Data.db	1	e4d856198bb9d305
sstables/test_types/cx_tuple_field_order-4fc4f5d0706211f197e20b846582ecc8/nb-1-big-Data.db	2	f683e1ef18de7a5d
sstables/test_types/cx_udt_field_order_null_empty-4fcd8150706211f197e20b846582ecc8/nb-1-big-Data.db	2	885540a9a6ba44f7
sstables/test_types/nb_absent_vs_null_regular-4fa69860706211f197e20b846582ecc8/nb-1-big-Data.db	3	9f1b3e99d034b0e9
sstables/test_types/nb_empty_collections-4faf9910706211f197e20b846582ecc8/nb-1-big-Data.db	2	2b2345e368c82576
sstables/test_types/nb_length_prefix_edges-4fba4770706211f197e20b846582ecc8/nb-1-big-Data.db	8	3425920829718298
sstables/test_types/nb_null_empty_text_blob-4f9b26b0706211f197e20b846582ecc8/nb-1-big-Data.db	4	8462592dbcd4f1b1
sstables/test_types/se_altered_column_type-4f6856e0706211f197e20b846582ecc8/nb-1-big-Data.db	3	2dde95006b566425
sstables/test_types/se_altered_column_type-4f6856e0706211f197e20b846582ecc8/nb-2-big-Data.db	3	691f522a8ae6f6fa
sstables/test_types/se_altered_then_dropped_column-4f7cc940706211f197e20b846582ecc8/nb-1-big-Data.db	3	f5bba33988791340
sstables/test_types/se_altered_then_dropped_column-4f7cc940706211f197e20b846582ecc8/nb-2-big-Data.db	3	578160f38e84e363
sstables/test_types/se_altered_then_dropped_column-4f7cc940706211f197e20b846582ecc8/nb-3-big-Data.db	3	5702378383980d0c
sstables/test_types/se_dropped_column_same_type-4f72b720706211f197e20b846582ecc8/nb-1-big-Data.db	3	a94333a3cf4bcb0d
sstables/test_types/se_dropped_column_same_type-4f72b720706211f197e20b846582ecc8/nb-2-big-Data.db	3	17d90fdea7fd08e1
sstables/test_types/se_frozen_multicell_collection_mismatch-4f913ba0706211f197e20b846582ecc8/nb-1-big-Data.db	2	bb03e8923bcf9f0d
sstables/test_types/se_no_schema_change-4f5a4d20706211f197e20b846582ecc8/nb-1-big-Data.db	3	0f97438a3d381f8c
sstables/test_types/se_no_schema_change-4f5a4d20706211f197e20b846582ecc8/nb-2-big-Data.db	3	b1170f38a2144485
sstables/test_types/se_static_regular_kind_mismatch-4f87ecd0706211f197e20b846582ecc8/nb-1-big-Data.db	3	4576f472515e4bd6
sstables/test_wide_rows/chat_messages-6da47330a25111f0a3fef1a551383fb9/nb-1-big-Data.db	50	824cc6355d5b29db
sstables/test_wide_rows/document_versions-6da9f170a25111f0a3fef1a551383fb9/nb-1-big-Data.db	50	739c9043a480fdd2
sstables/test_wide_rows/large_blob_table-6d81d000a25111f0a3fef1a551383fb9/nb-1-big-Data.db	50	a7acb84c08c2a572
sstables/test_wide_rows/many_columns_table-6d77bde0a25111f0a3fef1a551383fb9/nb-1-big-Data.db	50	91f71cf86350092a
sstables/test_wide_rows/multi_metric_timeseries-6dbd7970a25111f0a3fef1a551383fb9/nb-1-big-Data.db	50	85ede04bb6a47803
sstables/test_wide_rows/product_catalog-6db31930a25111f0a3fef1a551383fb9/nb-1-big-Data.db	50	adba12ee59dd9c7d
sstables/test_wide_rows/sparse_data_table-6dc3bb00a25111f0a3fef1a551383fb9/nb-1-big-Data.db	50	059840ec63331204
sstables/test_wide_rows/wide_partition_table-6d6d0f80a25111f0a3fef1a551383fb9/nb-1-big-Data.db	100	2f8e72541474c92f
sstables/test_writeparity/finished_data-18ca5be0735711f1a757db89184be81f/nb-1-big-Data.db	6	a8c45e9bf3f3ed93
sstables/test_writeparity/partition_boundary-1909d5e0735711f1a757db89184be81f/nb-1-big-Data.db	6	7488f1e876ffd644
sstables/test_writeparity/static_clustering_shape-18ee85b0735711f1a757db89184be81f/nb-1-big-Data.db	1	4c53e1bf16e9a23a
