corruption/test_comp_corrupt/bti_partitions_footer_flip/da-2-bti-Data.db	900	6ec78e40b8498b30
corruption/test_comp_corrupt/bti_rows_truncation/da-2-bti-Data.db	900	48ce3895adc93aaa
corruption/test_comp_corrupt/compression_info_bad_offset/nb-1-big-Data.db	ERROR(rc=5)	-
corruption/test_comp_corrupt/data_db_bit_flip/nb-1-big-Data.db	ERROR(rc=5)	-
corruption/test_comp_corrupt/data_db_truncation/nb-1-big-Data.db	ERROR(rc=5)	-
corruption/test_comp_corrupt/digest_crc32_mismatch/nb-1-big-Data.db	600	8ef6f62b9f80a22b
corruption/test_comp_corrupt/index_db_bit_flip_big/nb-1-big-Data.db	600	7a5acb2186b6c805
corruption/test_comp_corrupt/statistics_db_header_damage/nb-1-big-Data.db	600	2e8065cd2dccd9ee
corruption/test_comp_corrupt/summary_db_truncation/nb-1-big-Data.db	600	ce731b9f1f6aa72d
corruption/test_comp_corrupt/toc_missing_component/nb-1-big-Data.db	600	5f96f50243a4f7a6
corruption/test_comp_corrupt/uncompressed_data_bit_flip/nb-1-big-Data.db	ERROR(rc=5)	-
sstables/system/compaction_history-b4dbb7b4dc493fb5b3bfce6e434832ca/nb-1-big-Data.db	47	d85de2f17a84f7dc
sstables/system/local-7ad54392bcdd35a684174e047860b377/nb-8-big-Data.db	1	9b0ba670aabbc92a
sstables/system/local-7ad54392bcdd35a684174e047860b377/nb-9-big-Data.db	1	de00931f8225391c
sstables/system/prepared_statements-18a9c2576a0c3841ba718cd529849fef/nb-1-big-Data.db	33	61d23e8718c1da13
sstables/system/sstable_activity-5a1ff267ace03f128563cfae6103c65e/nb-1-big-Data.db	UNPARSEABLE	e3b0c44298fc1c14
sstables/system/sstable_activity_v2-62efe31f3be8310c8d298963439c1288/nb-1-big-Data.db	UNPARSEABLE	e3b0c44298fc1c14
sstables/system_auth/roles-5bc52802de2535edaeab188eecebb090/nb-1-big-Data.db	1	a9a346686a3ad987
sstables/system_schema/aggregates-924c55872e3a345bb10c12f37c1ba895/nb-1-big-Data.db	UNPARSEABLE	e3b0c44298fc1c14
sstables/system_schema/column_masks-738cc5ed01683268b9d1853d4bc278af/nb-45-big-Data.db	UNPARSEABLE	e3b0c44298fc1c14
sstables/system_schema/columns-24101c25a2ae3af787c1b40ee1aca33f/nb-45-big-Data.db	640	8766337c73faaa68
sstables/system_schema/columns-24101c25a2ae3af787c1b40ee1aca33f/nb-46-big-Data.db	30	b18dcbeadb2e2aa9
sstables/system_schema/columns-24101c25a2ae3af787c1b40ee1aca33f/nb-47-big-Data.db	11	b9b6e171e7611154
sstables/system_schema/dropped_columns-5e7583b5f3f43af19a39b7e1d6f5f11f/nb-1-big-Data.db	1	2f1f1b3870d8ec57
sstables/system_schema/functions-96489b7980be3e14a70166a0b9159450/nb-1-big-Data.db	UNPARSEABLE	e3b0c44298fc1c14
sstables/system_schema/indexes-0feb57ac311f382fba6d9024d305702f/nb-1-big-Data.db	1	23f44c6d1bdd98dc
sstables/system_schema/keyspaces-abac5682dea631c5b535b3d6cffd0fb6/nb-53-big-Data.db	9	54c9ec5177a85beb
sstables/system_schema/keyspaces-abac5682dea631c5b535b3d6cffd0fb6/nb-54-big-Data.db	1	fda1e61c7761e4c5
sstables/system_schema/keyspaces-abac5682dea631c5b535b3d6cffd0fb6/nb-55-big-Data.db	1	fda1e61c7761e4c5
sstables/system_schema/tables-afddfb9dbc1e30688056eed6c302ba09/nb-45-big-Data.db	79	68cff4ff287c68e2
sstables/system_schema/tables-afddfb9dbc1e30688056eed6c302ba09/nb-46-big-Data.db	1	7c3c8d71f0578484
sstables/system_schema/tables-afddfb9dbc1e30688056eed6c302ba09/nb-47-big-Data.db	1	befdc20873bbe1ab
sstables/system_schema/triggers-4df70b666b05325195a132b54005fd48/nb-1-big-Data.db	UNPARSEABLE	e3b0c44298fc1c14
sstables/system_schema/types-5a8b1ca866023f77a0459273d308917a/nb-1-big-Data.db	UNPARSEABLE	e3b0c44298fc1c14
sstables/system_schema/types-5a8b1ca866023f77a0459273d308917a/nb-2-big-Data.db	1	3acaab2ac7493b53
sstables/system_schema/types-5a8b1ca866023f77a0459273d308917a/nb-3-big-Data.db	1	4f4dacf673ef4272
sstables/system_schema/views-9786ac1cdd583201a7cdad556410c985/nb-1-big-Data.db	UNPARSEABLE	e3b0c44298fc1c14
sstables/test_basic/composite_key_table-6ab56990a25111f0a3fef1a551383fb9/nb-1-big-Data.db	100	3fdc78bcbc5b551d
sstables/test_basic/compression_test_table-6ad6ad30a25111f0a3fef1a551383fb9/nb-1-big-Data.db	100	f5c0a5686991d9df
sstables/test_basic/counters-6b12cbd0a25111f0a3fef1a551383fb9/nb-1-big-Data.db	5	37e3960df4703369
sstables/test_basic/multi_partition_table-6ac52100a25111f0a3fef1a551383fb9/nb-1-big-Data.db	100	73701f874a4ca460
sstables/test_basic/simple_table-6aa08200a25111f0a3fef1a551383fb9/nb-1-big-Data.db	1000	ea3fdedc991b4827
sstables/test_basic/static_columns_table-6b0425d0a25111f0a3fef1a551383fb9/nb-1-big-Data.db	100	f67f7598c4e51881
sstables/test_basic/ttl_test_table-6af66a30a25111f0a3fef1a551383fb9/nb-1-big-Data.db	100	5e3e5df3438ff1f0
sstables/test_basic/uncompressed_table-6aedb7a0a25111f0a3fef1a551383fb9/nb-1-big-Data.db	100	6318370372d1b7e6
sstables/test_big/wide_partition-ffe2ee50733111f19e8f6d08b8e7a294/nb-2-big-Data.db	890	8e0f46a846163845
sstables/test_collections/collection_clustering_table-6bf78680a25111f0a3fef1a551383fb9/nb-1-big-Data.db	50	925140ee3e7001c2
sstables/test_collections/collection_table-6b8c8fb0a25111f0a3fef1a551383fb9/nb-1-big-Data.db	500	c50cf70b7b3084f4
sstables/test_collections/collections_with_udts-6bc2bae0a25111f0a3fef1a551383fb9/nb-1-big-Data.db	50	3637239776774ca6
sstables/test_collections/empty_collections_table-6be780f0a25111f0a3fef1a551383fb9/nb-1-big-Data.db	50	6c091d335487cc1c
sstables/test_collections/frozen_collections_table-6bd1fd20a25111f0a3fef1a551383fb9/nb-1-big-Data.db	50	21693c3f250c20fb
sstables/test_collections/large_collections_table-6ba9b4a0a25111f0a3fef1a551383fb9/nb-1-big-Data.db	50	d8b115d1698dbcdc
sstables/test_collections/nested_collections_table-6b99af10a25111f0a3fef1a551383fb9/nb-1-big-Data.db	50	323ab85978efd040
sstables/test_collections/typed_collections_table-6bdf91b0a25111f0a3fef1a551383fb9/nb-1-big-Data.db	50	f75e29ce6a43280f
sstables/test_comp/deflate_table-2592698071a911f19b3225f9984c6a77/nb-1-big-Data.db	600	87f21abff5335be0
sstables/test_comp/incompressible_uncompressed_chunk-25b8dd4071a911f19b3225f9984c6a77/nb-1-big-Data.db	64	6c0b063a163a72bb
sstables/test_comp/lz4_table-25801a0071a911f19b3225f9984c6a77/nb-1-big-Data.db	600	caee85605db71899
sstables/test_comp/short_final_chunk-25aef23071a911f19b3225f9984c6a77/nb-1-big-Data.db	777	400d500412254931
sstables/test_comp/snappy_table-2588f3a071a911f19b3225f9984c6a77/nb-1-big-Data.db	600	2de372bc38180358
sstables/test_comp/uncompressed_table-25a5ca7071a911f19b3225f9984c6a77/nb-1-big-Data.db	600	1096c85ef3963fe1
sstables/test_comp/zstd_table-259ca2b071a911f19b3225f9984c6a77/nb-1-big-Data.db	600	ce3bd82362f5a180
sstables/test_compaction_tombstone_ttl/rt_cross_gen-2bd3757075a811f1a11c2f8df72ff67b/nb-3-big-Data.db	2	edbe08959eeff8c8
sstables/test_compaction_tombstone_ttl/shadow_row_delete-2b929be075a811f1a11c2f8df72ff67b/nb-3-big-Data.db	3	501f01a48fee5d70
sstables/test_compaction_tombstone_ttl/ttl_expired_live-2bb2a70075a811f1a11c2f8df72ff67b/nb-3-big-Data.db	2	c2c093d4654fcb54
sstables/test_compactionparity/live_clustering-e094a78073a611f1b17b3da6654e7580/nb-3-big-Data.db	6	4c49b2eafd805862
sstables/test_compactionparity/live_no_clustering-e08194b073a611f1b17b3da6654e7580/nb-3-big-Data.db	4	9c921a62010524d1
sstables/test_compactionparityudt/udt_collections-3de4104073fe11f1ba13ff2af5955bf3/nb-3-big-Data.db	3	89dde89fcf93ce7b
sstables/test_compactionparityudt/udt_frozen_person-3dcdc92073fe11f1ba13ff2af5955bf3/nb-3-big-Data.db	5	ca533d69f14ea539
sstables/test_compactionparityudt/udt_nested-3dda9a6073fe11f1ba13ff2af5955bf3/nb-3-big-Data.db	3	ffc728bbc4ef2cf6
sstables/test_compactionparityudt/udt_null_inner-e007a81074ca11f1b44a2772b92aa385/nb-3-big-Data.db	3	05883097be9894bb
sstables/test_da/collection_table-de2c155064e711f19ad401a8c8227b11/da-2-bti-Data.db	2	4d5549784ecbc70c
sstables/test_da/simple_table-de1be8b064e711f19ad401a8c8227b11/da-2-bti-Data.db	3	b7584d73b005983b
sstables/test_da/ttl_table-de3b579064e711f19ad401a8c8227b11/da-2-bti-Data.db	2	c9cc6bd70af62819
sstables/test_da/wide_table-9099a7c06c1811f19864870fb8444786/da-2-bti-Data.db	900	1edd414fee4d01b5
sstables/test_deltas/adjacent_ranges-29bdd5c0701f11f1b5d1d98b0640ec05/nb-1-big-Data.db	60	bc10a0970d59520c
sstables/test_deltas/cell_tombstones-29733830701f11f1b5d1d98b0640ec05/nb-1-big-Data.db	15	9417834116c81e89
sstables/test_deltas/collection_ops-29ad0ce0701f11f1b5d1d98b0640ec05/nb-1-big-Data.db	6	d4e7a60ea798a78a
sstables/test_deltas/partial_updates-29b5e680701f11f1b5d1d98b0640ec05/nb-1-big-Data.db	9	4bbaf8a27509291a
sstables/test_deltas/partition_tombstones-299258f0701f11f1b5d1d98b0640ec05/nb-1-big-Data.db	9	b02be84b25e29f06
sstables/test_deltas/range_tombstones-298894f0701f11f1b5d1d98b0640ec05/nb-1-big-Data.db	30	a3c3f2cd7cdc4f93
sstables/test_deltas/row_tombstones-297f1f10701f11f1b5d1d98b0640ec05/nb-1-big-Data.db	12	53309da29939c0bb
sstables/test_deltas/static_with_rows-29a4cf80701f11f1b5d1d98b0640ec05/nb-1-big-Data.db	12	79a769b85b63305f
sstables/test_deltas/ttl_cells-299c9220701f11f1b5d1d98b0640ec05/nb-1-big-Data.db	18	ba0df36f19c0f846
sstables/test_oa/collection_table-4b892c6064e711f1bd3ac7dbf655c673/oa-2-big-Data.db	3	9cf2df9900aaed1e
sstables/test_oa/simple_table-4b7cd05064e711f1bd3ac7dbf655c673/oa-2-big-Data.db	5	2e43fb4a72cc533a
sstables/test_oa/static_table-4bba006064e711f1bd3ac7dbf655c673/oa-2-big-Data.db	4	a6f43a4f6d3711e2
sstables/test_oa/tombstone_table-4bc746d064e711f1bd3ac7dbf655c673/oa-2-big-Data.db	3	ab1224a7c9fb6557
sstables/test_oa/ttl_table-4badf27064e711f1bd3ac7dbf655c673/oa-2-big-Data.db	3	46aaa8079452f3c3
sstables/test_oa/udt_table-4b9f738064e711f1bd3ac7dbf655c673/oa-2-big-Data.db	2	eb89825e1212df78
sstables/test_signed_coll/frozen_int_collections-c9820c30748d11f1a94ae34493d77740/nb-1-big-Data.db	1	f4bb72985f049d72
sstables/test_signed_coll/signed_int_collections-c9762550748d11f1a94ae34493d77740/nb-1-big-Data.db	1	e3d35eb5b0cda3ed
sstables/test_signed_coll/signed_special_collections-c996a5a0748d11f1a94ae34493d77740/nb-1-big-Data.db	1	e10345190c864e54
sstables/test_signed_coll/signed_width_collections-c98bd030748d11f1a94ae34493d77740/nb-1-big-Data.db	1	271433b481cffb19
sstables/test_timeseries/app_metrics-6c87b890a25111f0a3fef1a551383fb9/nb-1-big-Data.db	200	dd80d32ad8d029e3
sstables/test_timeseries/event_store-6cbbc0e0a25111f0a3fef1a551383fb9/nb-1-big-Data.db	200	80516ba2a66275f5
sstables/test_timeseries/log_entries-6cad6900a25111f0a3fef1a551383fb9/nb-1-big-Data.db	200	67af4f41ebc904b0
sstables/test_timeseries/sensor_data-6c698230a25111f0a3fef1a551383fb9/nb-1-big-Data.db	2000	f16653d5f948017d
sstables/test_timeseries/stock_prices-6c9fad60a25111f0a3fef1a551383fb9/nb-1-big-Data.db	200	f22a5872d62017f1
sstables/test_timeseries/tick_data-6ce716a0a25111f0a3fef1a551383fb9/nb-1-big-Data.db	200	994349b992b93735
sstables/test_timeseries/time_bucketed_counters-6ccefac0a25111f0a3fef1a551383fb9/nb-1-big-Data.db	41	3cba3aed70df5333
sstables/test_timeseries/user_activity-6c935150a25111f0a3fef1a551383fb9/nb-1-big-Data.db	200	3b7ae15c58d033f0
sstables/test_timeseries/user_sessions-6cda1e50a25111f0a3fef1a551383fb9/nb-1-big-Data.db	200	131763142c12f625
sstables/test_tomb/dropped_regular_col-4cc79a50702011f1b8f419c9a388d558/nb-1-big-Data.db	3	815aec1a90fb5582
sstables/test_tomb/dropped_regular_col-4cc79a50702011f1b8f419c9a388d558/nb-2-big-Data.db	3	faec5a41bacf0c3a
sstables/test_tomb/dropped_static_col-4cd18560702011f1b8f419c9a388d558/nb-1-big-Data.db	3	03dcdc62b9189df1
sstables/test_tomb/dropped_static_col-4cd18560702011f1b8f419c9a388d558/nb-2-big-Data.db	1	57a91ba11f7cba42
sstables/test_tomb/gc_before_boundary-4c92ceb0702011f1b8f419c9a388d558/nb-1-big-Data.db	3	432fc30474dc2841
sstables/test_tomb/resurrection_gc0-4cb523c0702011f1b8f419c9a388d558/nb-1-big-Data.db	8	7f3000e10a31faf6
sstables/test_tomb/resurrection_gc0-4cb523c0702011f1b8f419c9a388d558/nb-2-big-Data.db	1	0d3c6ee881d59a49
sstables/test_tomb/resurrection_gc_positive-4cbfab10702011f1b8f419c9a388d558/nb-1-big-Data.db	8	7e29fd9bdb1ce484
sstables/test_tomb/resurrection_gc_positive-4cbfab10702011f1b8f419c9a388d558/nb-2-big-Data.db	1	2eb1ba667f37f7ce
sstables/test_tomb/skipped_partition_delete-4caaea90702011f1b8f419c9a388d558/nb-1-big-Data.db	10	4390aa231e076c08
sstables/test_tomb/skipped_partition_delete-4caaea90702011f1b8f419c9a388d558/nb-2-big-Data.db	UNPARSEABLE	e3b0c44298fc1c14
sstables/test_tomb/static_with_tombstones-4cdb9780702011f1b8f419c9a388d558/nb-1-big-Data.db	4	1396b7042db53703
sstables/test_tomb/tombstone_histogram-4ca1e9e0702011f1b8f419c9a388d558/nb-1-big-Data.db	12	91cde63186adfb74
sstables/test_tomb/wide_range_tombstone-4ce3add0702011f1b8f419c9a388d558/nb-1-big-Data.db	2987	93168aa69bfc4df4
sstables/test_types/ct_compacted_final_value-501f4ad0706211f197e20b846582ecc8/nb-3-big-Data.db	2	89780c93834b08d0
sstables/test_types/ct_deleted_counter_shadowing-50114110706211f197e20b846582ecc8/nb-1-big-Data.db	2	b6a522f0f2188106
sstables/test_types/ct_deleted_counter_shadowing-50114110706211f197e20b846582ecc8/nb-2-big-Data.db	UNPARSEABLE	e3b0c44298fc1c14
sstables/test_types/ct_multi_sstable_merge-5007f240706211f197e20b846582ecc8/nb-1-big-Data.db	2	5bbfcf0a9cdc8a37
sstables/test_types/ct_multi_sstable_merge-5007f240706211f197e20b846582ecc8/nb-2-big-Data.db	2	78ffff71c238f4f6
sstables/test_types/ct_single_sstable-4fff8dd0706211f197e20b846582ecc8/nb-1-big-Data.db	2	56d370bcafe32ded
sstables/test_types/cx_frozen_udt_value-4fd68200706211f197e20b846582ecc8/nb-1-big-Data.db	2	36e84eef96383926
sstables/test_types/cx_legacy_dropped_tuple_udt-4ff5a2c0706211f197e20b846582ecc8/nb-1-big-Data.db	3	b1cac76c92d16495
sstables/test_types/cx_legacy_dropped_tuple_udt-4ff5a2c0706211f197e20b846582ecc8/nb-2-big-Data.db	3	09362c9b9b3d6f1f
sstables/test_types/cx_multicell_udt_collection_paths-4feb6990706211f197e20b846582ecc8/nb-1-big-Data.db	1	d464726f26dbcb2b
sstables/test_types/cx_nested_frozen_collections-4fe21ac0706211f197e20b846582ecc8/nb-1-big-Data.db	1	f99491f13f5b3690
sstables/test_types/cx_tuple_field_order-4fc4f5d0706211f197e20b846582ecc8/nb-1-big-Data.db	2	16f32ab27a4a229e
sstables/test_types/cx_udt_field_order_null_empty-4fcd8150706211f197e20b846582ecc8/nb-1-big-Data.db	2	60c009579eb710e3
sstables/test_types/nb_absent_vs_null_regular-4fa69860706211f197e20b846582ecc8/nb-1-big-Data.db	3	0c32d5b53cee1d01
sstables/test_types/nb_empty_collections-4faf9910706211f197e20b846582ecc8/nb-1-big-Data.db	2	25b3a33e6fcb0149
sstables/test_types/nb_length_prefix_edges-4fba4770706211f197e20b846582ecc8/nb-1-big-Data.db	8	1a423ccd3c53a74f
sstables/test_types/nb_null_empty_text_blob-4f9b26b0706211f197e20b846582ecc8/nb-1-big-Data.db	4	71592f6c3002c5d9
sstables/test_types/se_altered_column_type-4f6856e0706211f197e20b846582ecc8/nb-1-big-Data.db	3	1bea1a1d132d0fe7
sstables/test_types/se_altered_column_type-4f6856e0706211f197e20b846582ecc8/nb-2-big-Data.db	3	447f0d347a6041e9
sstables/test_types/se_altered_then_dropped_column-4f7cc940706211f197e20b846582ecc8/nb-1-big-Data.db	3	1b275740a6053979
sstables/test_types/se_altered_then_dropped_column-4f7cc940706211f197e20b846582ecc8/nb-2-big-Data.db	3	8019242fd353aeff
sstables/test_types/se_altered_then_dropped_column-4f7cc940706211f197e20b846582ecc8/nb-3-big-Data.db	3	a3d87456100674cc
sstables/test_types/se_dropped_column_same_type-4f72b720706211f197e20b846582ecc8/nb-1-big-Data.db	3	a0bcd77c385f2023
sstables/test_types/se_dropped_column_same_type-4f72b720706211f197e20b846582ecc8/nb-2-big-Data.db	3	56d23460bea4dfcf
sstables/test_types/se_frozen_multicell_collection_mismatch-4f913ba0706211f197e20b846582ecc8/nb-1-big-Data.db	2	b392afa6851885b1
sstables/test_types/se_no_schema_change-4f5a4d20706211f197e20b846582ecc8/nb-1-big-Data.db	3	723f50de194aae7a
sstables/test_types/se_no_schema_change-4f5a4d20706211f197e20b846582ecc8/nb-2-big-Data.db	3	4257fcb8f2760b66
sstables/test_types/se_static_regular_kind_mismatch-4f87ecd0706211f197e20b846582ecc8/nb-1-big-Data.db	3	7c7cced66c2dfd29
sstables/test_wide_rows/chat_messages-6da47330a25111f0a3fef1a551383fb9/nb-1-big-Data.db	50	cf20e7e6f28d8908
sstables/test_wide_rows/document_versions-6da9f170a25111f0a3fef1a551383fb9/nb-1-big-Data.db	50	64bdacfa3176212a
sstables/test_wide_rows/large_blob_table-6d81d000a25111f0a3fef1a551383fb9/nb-1-big-Data.db	50	52def95389cd6f14
sstables/test_wide_rows/many_columns_table-6d77bde0a25111f0a3fef1a551383fb9/nb-1-big-Data.db	50	e176bc8522172855
sstables/test_wide_rows/multi_metric_timeseries-6dbd7970a25111f0a3fef1a551383fb9/nb-1-big-Data.db	50	a42dacf35d1f6fc3
sstables/test_wide_rows/product_catalog-6db31930a25111f0a3fef1a551383fb9/nb-1-big-Data.db	50	17bfaa2a0d716aff
sstables/test_wide_rows/sparse_data_table-6dc3bb00a25111f0a3fef1a551383fb9/nb-1-big-Data.db	50	64c809534212b106
sstables/test_wide_rows/wide_partition_table-6d6d0f80a25111f0a3fef1a551383fb9/nb-1-big-Data.db	100	af664c3a304420d8
sstables/test_writeparity/finished_data-18ca5be0735711f1a757db89184be81f/nb-1-big-Data.db	6	ea796ac6ddedfc84
sstables/test_writeparity/partition_boundary-1909d5e0735711f1a757db89184be81f/nb-1-big-Data.db	6	2211a616d3fde1a7
sstables/test_writeparity/static_clustering_shape-18ee85b0735711f1a757db89184be81f/nb-1-big-Data.db	1	b5eb48c3530889fe
